{"packFileHash":{"type":"sha256","value":"e0259cb0a7890d10d99c15c66c1db04ab8ceada0cfa5e09218b85808717d4bcf"},"indexFileHash":{"type":"sha256","value":"b00b2817b83e00d36f9b54d706af022c2804e808a86bfc10a88b4f8de8652a9c"},"cachedFiles":{"mods/appleskin.pw.toml":{"hash":{"type":"sha256","value":"0d72044f88935675985397478ca839878bfbf03feab46e9667e81d4c955ae68d"},"linkedFileHash":{"type":"sha1","value":"d0f11243f79c071416bbcee781ae93eb57a0283c"},"cachedLocation":"mods/appleskin-fabric-mc1.20.1-2.5.1.jar","optionValue":true},"mods/3dskinlayers.pw.toml":{"hash":{"type":"sha256","value":"65c47c1758d604d53506af223b6d1a07fbeedc5852175d4cfaabe60ce6d1fd45"},"linkedFileHash":{"type":"sha1","value":"95eb34ed56dc03d1e2476a5aa98b442a0662a6c1"},"cachedLocation":"mods/skinlayers3d-fabric-1.6.2-mc1.20.1.jar","optionValue":true},"mods/packetauth.pw.toml":{"hash":{"type":"sha256","value":"52f1a7be66b5ccf2b65413f5742ddb1ca6185898be913f1bee7ddf33501cd05e"},"linkedFileHash":{"type":"sha1","value":"3122387380fc40c61cb50b0a2486bc242991a351"},"cachedLocation":"mods/PacketAuth-FabricQuilt-1.6.2_1.20-1.20.1.jar","optionValue":true},"mods/ferrite-core.pw.toml":{"hash":{"type":"sha256","value":"39a6a39433b1b104bfafafcd60a8171f866daa2ebefffd64df822d0e69288e3a"},"linkedFileHash":{"type":"sha1","value":"8fa3b84fc5860dbc30fdf8cced02af68dffcf3fa"},"cachedLocation":"mods/ferritecore-6.0.1-fabric.jar","optionValue":true},"mods/entityculling.pw.toml":{"hash":{"type":"sha256","value":"33f865a014f3acf2c1f2c452bfe7ba1a864acad178322a6eab3759c7e63c9654"},"linkedFileHash":{"type":"sha1","value":"8e4be2bb9703deddb3d3d212c812cdc1f9de072b"},"cachedLocation":"mods/entityculling-fabric-1.6.2-mc1.20.1.jar","optionValue":true},"mods/blur-fabric.pw.toml":{"hash":{"type":"sha256","value":"5f53eb8d272bfec2c6f58d6d744397b8152d7561a370f1d6e7e1e495fc4a1e7a"},"linkedFileHash":{"type":"sha1","value":"3a0811af7f425daab896fbfc38898a22e7af39cf"},"cachedLocation":"mods/blur-3.1.0.jar","optionValue":true},"mods/first-person-model.pw.toml":{"hash":{"type":"sha256","value":"b731afc1d2cd5eaf1dfd13e4cb0488dcc1df105fb436019289bfd8350ea74b76"},"linkedFileHash":{"type":"sha1","value":"2988994a7f59e192fecf6e4747c4adc14f8aeb4d"},"cachedLocation":"mods/firstperson-fabric-2.2.4-mc1.20.1.jar","optionValue":true},"mods/ebe.pw.toml":{"hash":{"type":"sha256","value":"b8270928d44781b9e59982d376bb3cc0d24089ceebef3c79d3e1e881ba7ece60"},"linkedFileHash":{"type":"sha1","value":"61cfe50f69f8ef9e3640c0269ef158870f5b0410"},"cachedLocation":"mods/enhancedblockentities-0.9+1.20.jar","optionValue":true},"mods/immediatelyfast.pw.toml":{"hash":{"type":"sha256","value":"c4afda1d505225ad18e689ded06f0ed170dec2ea5e6c9621277b565d0fc338b8"},"linkedFileHash":{"type":"sha1","value":"6777e5b7071410d9257af181ac6367324d28854a"},"cachedLocation":"mods/ImmediatelyFast-Fabric-1.2.8+1.20.4.jar","optionValue":true},"mods/creativecore.pw.toml":{"hash":{"type":"sha256","value":"3fa7edc6717f0509c9fb82eb29adaf08ffbba6f733becb0a4085d71e1e43eb01"},"linkedFileHash":{"type":"sha1","value":"14776973f7616213fe7a64707ef3b56e7b0fb4f8"},"cachedLocation":"mods/CreativeCore_FABRIC_v2.11.16_mc1.20.1.jar","optionValue":true},"mods/indium.pw.toml":{"hash":{"type":"sha256","value":"85daf558c36022a664c9e2bc3d9a9bc21cb9fa62977890f142c20ccc155eae36"},"linkedFileHash":{"type":"sha1","value":"f97c6485da813634541a8c792b2f04d44e17d141"},"cachedLocation":"mods/indium-1.0.21+mc1.20.1.jar","optionValue":true},"mods/krypton.pw.toml":{"hash":{"type":"sha256","value":"71ef7cc16632c0039fe194183b5885968c6d740aaa67a58000653ae0cb40b882"},"linkedFileHash":{"type":"sha1","value":"4d499819effd8afe811e5d93952fcc46765a00df"},"cachedLocation":"mods/krypton-0.2.3.jar","optionValue":true},"mods/lazydfu.pw.toml":{"hash":{"type":"sha256","value":"b4ca05b39b85c27cd97ccb65d5fb832f5e9fd7ee5710542a3e69dfa30a97ea7d"},"linkedFileHash":{"type":"sha1","value":"0dfa8b03ed408fb7fdada29e01cfebba02af1049"},"cachedLocation":"mods/lazydfu-0.1.3.jar","optionValue":true},"mods/nullscape.pw.toml":{"optionValue":true,"onlyOtherSide":true},"mods/minecraft_autotools.pw.toml":{"hash":{"type":"sha256","value":"1a72f9aafbb9e10399614f8b984930ac07b4cbaa911d855c0ac667132b59ca6d"},"linkedFileHash":{"type":"sha1","value":"a119c3db000c692d888f1265c17331ec6c3de720"},"cachedLocation":"mods/autotools-1.7-fabric-1.20.jar","optionValue":true},"mods/jei.pw.toml":{"hash":{"type":"sha256","value":"3e1a381807b8bfe1abb6be6b043b64d9426097bb4ea16c6aa956f6a151f5c72e"},"linkedFileHash":{"type":"sha1","value":"c39352c9790d589a0ec7adcccd220e3388ca1296"},"cachedLocation":"mods/jei-1.20.1-fabric-15.2.0.27.jar","optionValue":true},"mods/lithium.pw.toml":{"hash":{"type":"sha256","value":"c239c951796882b9c93e649a0dba4f2d95804441faaed707b686381b7a5c67da"},"linkedFileHash":{"type":"sha1","value":"8f4642147e60827f728badac7a819d1a9f3b25d5"},"cachedLocation":"mods/lithium-fabric-mc1.20.1-0.11.2.jar","optionValue":true},"mods/not-enough-animations.pw.toml":{"hash":{"type":"sha256","value":"6e8f54238b405650aea8f045b138b86d13311fabe8bc0bbebd35f3844c9148e4"},"linkedFileHash":{"type":"sha1","value":"600cab17c80547c43b40de02e60817634a16fffe"},"cachedLocation":"mods/notenoughanimations-fabric-1.7.0-mc1.20.1.jar","optionValue":true},"mods/modmenu.pw.toml":{"hash":{"type":"sha256","value":"4cd171d3f5f3e1d2948cb1b0062e742a5e85110c9e9a668f9aed5b0cebcb9c97"},"linkedFileHash":{"type":"sha1","value":"099c68feeb74887cbbbd8ce9a27c6123804a2c5a"},"cachedLocation":"mods/modmenu-7.2.2.jar","optionValue":true},"mods/sodium.pw.toml":{"hash":{"type":"sha256","value":"217b07516517c4c01958387192143943f3e9309a0e935828f9f32af771425d66"},"linkedFileHash":{"type":"sha1","value":"b11e18bb09f06c3f8028fa2c090072976fa326d0"},"cachedLocation":"mods/sodium-fabric-mc1.20-0.4.10+build.27.jar","optionValue":true},"mods/iris.pw.toml":{"hash":{"type":"sha256","value":"659e2447deffc797f441ed09c0b05d75138253dfacfe1479d3938e55773be4b6"},"linkedFileHash":{"type":"sha1","value":"ec1491adc5dffeb0ab2f5da290b32cd4e45d58ad"},"cachedLocation":"mods/iris-mc1.20-1.6.4.jar","optionValue":true},"mods/seamless-loading-screen.pw.toml":{"hash":{"type":"sha256","value":"1cc8781b7c9b2fe9a7a3b9ab2ae6742374a007fc075c865827f97ece36f2919d"},"linkedFileHash":{"type":"sha1","value":"88abb18ed9fa21ed4c923b773c2681506a03be57"},"cachedLocation":"mods/seamless-loading-screen-2.0.3+1.20.1-fabric.jar","optionValue":true},"mods/create-fabric.pw.toml":{"hash":{"type":"sha256","value":"e5bbc96d6d5d6bffb8e36c89bbd1331d923e23fbb87be8bae208d206832adb1c"},"linkedFileHash":{"type":"sha1","value":"e5f066598208b340e1a35285d539ac07ac4f6b8e"},"cachedLocation":"mods/create-fabric-0.5.1-d-build.1161+mc1.20.1.jar","optionValue":true},"mods/leaves-be-gone.pw.toml":{"optionValue":true,"onlyOtherSide":true},"mods/smooth-swapping.pw.toml":{"hash":{"type":"sha256","value":"9f38461b4e2c233243c2149dd495f9992672cba45088557a29f93dc3b8cd12f4"},"linkedFileHash":{"type":"sha1","value":"0deaefc844f35113ed5db90d76b5bd0bd5a279df"},"cachedLocation":"mods/smoothswapping-0.9.3.1-1.20.2-fabric.jar","optionValue":true},"mods/starlight.pw.toml":{"hash":{"type":"sha256","value":"218f67d6bcaae849582618cd3e5eb1d4cac0fd6045115f64340620300e160c11"},"linkedFileHash":{"type":"sha1","value":"a03102cab439cbab5a1d7d72cd7c2b4976ddd421"},"cachedLocation":"mods/starlight-1.1.2+fabric.dbc156f.jar","optionValue":true},"mods/visual-workbench.pw.toml":{"hash":{"type":"sha256","value":"a7f4c9db27e6d88dff443299ba7b04418f17a60316678b14719c767194b43ff3"},"linkedFileHash":{"type":"sha1","value":"326fcb260cf64c12714c2ada3ff8a4bdfed620f2"},"cachedLocation":"mods/VisualWorkbench-v8.0.0-1.20.1-Fabric.jar","optionValue":true},"mods/yungs-api.pw.toml":{"optionValue":true,"onlyOtherSide":true},"mods/yungs-better-desert-temples.pw.toml":{"optionValue":true,"onlyOtherSide":true},"mods/yungs-better-dungeons.pw.toml":{"optionValue":true,"onlyOtherSide":true},"mods/yungs-better-mineshafts.pw.toml":{"optionValue":true,"onlyOtherSide":true},"mods/yungs-better-ocean-monuments.pw.toml":{"optionValue":true,"onlyOtherSide":true},"mods/yungs-better-strongholds.pw.toml":{"optionValue":true,"onlyOtherSide":true},"mods/yungs-better-witch-huts.pw.toml":{"optionValue":true,"onlyOtherSide":true},"mods/yungs-bridges.pw.toml":{"optionValue":true,"onlyOtherSide":true},"mods/yungs-extras.pw.toml":{"optionValue":true,"onlyOtherSide":true},"mods/way2wayfabric.pw.toml":{"hash":{"type":"sha256","value":"22c02c241c720ef0e1ce59efb559a82ae47a5451409dda20bdf5f1e9c8dd0597"},"linkedFileHash":{"type":"sha1","value":"4d06cabd01cf46fbb16ac586da3ce681ea400344"},"cachedLocation":"mods/way2wayfabric-0.0.6.jar","optionValue":true},"mods/balm.pw.toml":{"hash":{"type":"sha256","value":"b25474cd7e4cff1ff70fbcbd1a466aa518850d8fa82da1114667f04a03fc9fff"},"linkedFileHash":{"type":"sha1","value":"92d7c2194de21b96f641b423198428c65fd45ae3"},"cachedLocation":"mods/balm-fabric-1.20.1-7.2.1.jar","optionValue":true},"mods/waystones.pw.toml":{"hash":{"type":"sha256","value":"086f56d0a3c8f1a7b289b9949d7de08362f717295d89f0db0d13421ec860a453"},"linkedFileHash":{"type":"sha1","value":"7dedab899bf8887527eb5b9c5548aefb8845d98b"},"cachedLocation":"mods/waystones-fabric-1.20-14.1.3.jar","optionValue":true},"mods/forge-config-api-port.pw.toml":{"hash":{"type":"sha256","value":"129bb8b135edc60038f021b693f5b88a0067b722f326e0d6067112243774289b"},"linkedFileHash":{"type":"sha1","value":"2ba4a6149362dbbf81288f393f0022ee9fb07302"},"cachedLocation":"mods/ForgeConfigAPIPort-v8.0.0-1.20.1-Fabric.jar","optionValue":true},"mods/puzzles-lib.pw.toml":{"hash":{"type":"sha256","value":"73fa0f7015f038379155c47431a2be5c33ca4871da9f5d1c9f9499868fc13c53"},"linkedFileHash":{"type":"sha1","value":"de83d1f2fa99d1a4173b4b2665a78ba528dc1aab"},"cachedLocation":"mods/PuzzlesLib-v8.1.13-1.20.1-Fabric.jar","optionValue":true},"mods/cloth-config.pw.toml":{"hash":{"type":"sha256","value":"a89dfcc985612a275975d4823a24fc3dceb244bacb2e8f81bd459283bf1b9fe9"},"linkedFileHash":{"type":"sha1","value":"f669f899d707b9e9acf1c239b0ae6b2c8be95361"},"cachedLocation":"mods/cloth-config-11.1.118-fabric.jar","optionValue":true},"mods/xaeros-minimap.pw.toml":{"hash":{"type":"sha256","value":"122d6ebd6ee7942e10f825b7611e63a5898189e4631bacadd8565a69892a4b93"},"linkedFileHash":{"type":"sha1","value":"413856460cec286a2094855c298a65acb382ac86"},"cachedLocation":"mods/Xaeros_Minimap_23.9.3_Fabric_1.20.jar","optionValue":true},"mods/xaeros-world-map.pw.toml":{"hash":{"type":"sha256","value":"110c0e172f2719b6efb982c91e34f112e67fa2876feb62a5a21b854ba4ad8917"},"linkedFileHash":{"type":"sha1","value":"d153ab9bb03f5ad6dbec0402909d7d233868458a"},"cachedLocation":"mods/XaerosWorldMap_1.37.2_Fabric_1.20.jar","optionValue":true},"mods/fabric-language-kotlin.pw.toml":{"hash":{"type":"sha256","value":"bd278a821fa158a7ffedb511c84e5bc0887192ceae21f9038b30357edd64a9e9"},"linkedFileHash":{"type":"sha1","value":"02e0af07d7c1476a6bd0530d0dacf0a2a9f8a8ea"},"cachedLocation":"mods/fabric-language-kotlin-1.10.17+kotlin.1.9.22.jar","optionValue":true},"mods/bluemap.pw.toml":{"optionValue":true,"onlyOtherSide":true},"mods/fabric-api.pw.toml":{"hash":{"type":"sha256","value":"8f7e28eb56a3f538cf2be43c03aea1c5b3017a5fe0429a6b67b052e0f6c0b5d4"},"linkedFileHash":{"type":"sha1","value":"e85c54a01f173f6cb5e533e66593ea5d65d462a1"},"cachedLocation":"mods/fabric-api-0.88.1+1.20.1.jar","optionValue":true}},"cachedSide":"client"}